word,target_appearances,correct_positions,incorrect_positions,position_accuracy,position_accuracy_percent
he,367,354,13,0.9645776566757494,96.46%
i,197,167,30,0.8477157360406091,84.77%
is,167,57,110,0.3413173652694611,34.13%
not,124,17,107,0.13709677419354838,13.71%
you,121,21,100,0.17355371900826447,17.36%
to,68,1,67,0.014705882352941176,1.47%
every,67,0,67,0.0,0.00%
after,64,0,64,0.0,0.00%
before,61,1,60,0.01639344262295082,1.64%
during,60,0,60,0.0,0.00%
she,60,58,2,0.9666666666666667,96.67%
do,58,12,46,0.20689655172413793,20.69%
my,55,18,37,0.32727272727272727,32.73%
can,54,25,29,0.46296296296296297,46.30%
it,54,15,39,0.2777777777777778,27.78%
have,45,10,35,0.2222222222222222,22.22%
will,42,30,12,0.7142857142857143,71.43%
are,40,11,29,0.275,27.50%
your,39,13,26,0.3333333333333333,33.33%
in,38,4,34,0.10526315789473684,10.53%
of,38,7,31,0.18421052631578946,18.42%
me,36,5,31,0.1388888888888889,13.89%
what,35,8,27,0.22857142857142856,22.86%
morning,34,0,34,0.0,0.00%
school,33,0,33,0.0,0.00%
this,33,5,28,0.15151515151515152,15.15%
dinner,32,0,32,0.0,0.00%
evening,32,1,31,0.03125,3.12%
am,31,23,8,0.7419354838709677,74.19%
breakfast,31,2,29,0.06451612903225806,6.45%
was,31,10,21,0.3225806451612903,32.26%
him,30,7,23,0.23333333333333334,23.33%
lunchtime,30,1,29,0.03333333333333333,3.33%
sunset,30,0,30,0.0,0.00%
weekends,30,0,30,0.0,0.00%
for,28,6,22,0.21428571428571427,21.43%
we,26,10,16,0.38461538461538464,38.46%
that,22,1,21,0.045454545454545456,4.55%
all,21,1,20,0.047619047619047616,4.76%
her,21,6,15,0.2857142857142857,28.57%
stop,20,13,7,0.65,65.00%
does,19,7,12,0.3684210526315789,36.84%
did,18,1,17,0.05555555555555555,5.56%
like,18,7,11,0.3888888888888889,38.89%
there,18,3,15,0.16666666666666666,16.67%
please,17,3,14,0.17647058823529413,17.65%
be,16,4,12,0.25,25.00%
has,16,6,10,0.375,37.50%
his,16,0,16,0.0,0.00%
on,15,5,10,0.3333333333333333,33.33%
they,15,5,10,0.3333333333333333,33.33%
very,15,5,10,0.3333333333333333,33.33%
with,15,1,14,0.06666666666666667,6.67%
up,14,2,12,0.14285714285714285,14.29%
and,13,3,10,0.23076923076923078,23.08%
at,13,6,7,0.46153846153846156,46.15%
go,13,3,10,0.23076923076923078,23.08%
how,13,0,13,0.0,0.00%
know,13,2,11,0.15384615384615385,15.38%
think,13,2,11,0.15384615384615385,15.38%
friends,12,0,12,0.0,0.00%
us,12,4,8,0.3333333333333333,33.33%
why,12,1,11,0.08333333333333333,8.33%
called,11,0,11,0.0,0.00%
from,11,3,8,0.2727272727272727,27.27%
never,11,3,8,0.2727272727272727,27.27%
spanish,11,1,10,0.09090909090909091,9.09%
than,11,4,7,0.36363636363636365,36.36%
clothes,10,1,9,0.1,10.00%
french,10,5,5,0.5,50.00%
out,10,4,6,0.4,40.00%
planted,10,0,10,0.0,0.00%
time,10,1,9,0.1,10.00%
where,10,0,10,0.0,0.00%
baked,9,0,9,0.0,0.00%
birds,9,0,9,0.0,0.00%
cannot,9,3,6,0.3333333333333333,33.33%
cookies,9,2,7,0.2222222222222222,22.22%
flowers,9,1,8,0.1111111111111111,11.11%
get,9,1,8,0.1111111111111111,11.11%
helped,9,1,8,0.1111111111111111,11.11%
learned,9,0,9,0.0,0.00%
lost,9,1,8,0.1111111111111111,11.11%
mathematics,9,1,8,0.1111111111111111,11.11%
need,9,1,8,0.1111111111111111,11.11%
neighbors,9,2,7,0.2222222222222222,22.22%
night,9,1,8,0.1111111111111111,11.11%
practiced,9,0,9,0.0,0.00%
prepared,9,1,8,0.1111111111111111,11.11%
questions,9,0,9,0.0,0.00%
read,9,0,9,0.0,0.00%
repaired,9,0,9,0.0,0.00%
studied,9,0,9,0.0,0.00%
visited,9,0,9,0.0,0.00%
windows,9,0,9,0.0,0.00%
wrote,9,1,8,0.1111111111111111,11.11%
answered,8,0,8,0.0,0.00%
bicycles,8,0,8,0.0,0.00%
carried,8,0,8,0.0,0.00%
chess,8,0,8,0.0,0.00%
cleaned,8,0,8,0.0,0.00%
collected,8,0,8,0.0,0.00%
delivered,8,0,8,0.0,0.00%
dishes,8,0,8,0.0,0.00%
favorite,8,2,6,0.25,25.00%
files,8,0,8,0.0,0.00%
finished,8,0,8,0.0,0.00%
firewood,8,0,8,0.0,0.00%
gathered,8,0,8,0.0,0.00%
give,8,0,8,0.0,0.00%
grandparents,8,0,8,0.0,0.00%
groceries,8,1,7,0.125,12.50%
here,8,1,7,0.125,12.50%
homework,8,0,8,0.0,0.00%
love,8,3,5,0.375,37.50%
lunches,8,0,8,0.0,0.00%
mountains,8,0,8,0.0,0.00%
no,8,6,2,0.75,75.00%
novels,8,0,8,0.0,0.00%
older,8,2,6,0.25,25.00%
open,8,2,6,0.25,25.00%
organized,8,0,8,0.0,0.00%
packed,8,0,8,0.0,0.00%
painted,8,0,8,0.0,0.00%
parcels,8,0,8,0.0,0.00%
photographed,8,0,8,0.0,0.00%
played,8,0,8,0.0,0.00%
poems,8,0,8,0.0,0.00%
portraits,8,0,8,0.0,0.00%
puppies,8,1,7,0.125,12.50%
puzzles,8,1,7,0.125,12.50%
see,8,3,5,0.375,37.50%
shared,8,0,8,0.0,0.00%
shells,8,1,7,0.125,12.50%
singing,8,1,7,0.125,12.50%
solved,8,0,8,0.0,0.00%
speak,8,4,4,0.5,50.00%
stories,8,0,8,0.0,0.00%
too,8,0,8,0.0,0.00%
trained,8,0,8,0.0,0.00%
vegetables,8,1,7,0.125,12.50%
washed,8,0,8,0.0,0.00%
watched,8,0,8,0.0,0.00%
were,8,2,6,0.25,25.00%
also,7,1,6,0.14285714285714285,14.29%
believe,7,0,7,0.0,0.00%
got,7,1,6,0.14285714285714285,14.29%
help,7,2,5,0.2857142857142857,28.57%
last,7,1,6,0.14285714285714285,14.29%
money,7,2,5,0.2857142857142857,28.57%
now,7,2,5,0.2857142857142857,28.57%
only,7,2,5,0.2857142857142857,28.57%
sister,7,1,6,0.14285714285714285,14.29%
watered,7,0,7,0.0,0.00%
well,7,1,6,0.14285714285714285,14.29%
yet,7,1,6,0.14285714285714285,14.29%
anything,6,5,1,0.8333333333333334,83.33%
back,6,1,5,0.16666666666666666,16.67%
by,6,1,5,0.16666666666666666,16.67%
children,6,1,5,0.16666666666666666,16.67%
doing,6,2,4,0.3333333333333333,33.33%
forget,6,4,2,0.6666666666666666,66.67%
going,6,1,5,0.16666666666666666,16.67%
let,6,0,6,0.0,0.00%
may,6,0,6,0.0,0.00%
one,6,1,5,0.16666666666666666,16.67%
phone,6,0,6,0.0,0.00%
smoking,6,1,5,0.16666666666666666,16.67%
thank,6,0,6,0.0,0.00%
three,6,0,6,0.0,0.00%
watch,6,2,4,0.3333333333333333,33.33%
water,6,3,3,0.5,50.00%
went,6,3,3,0.5,50.00%
wish,6,0,6,0.0,0.00%
accident,5,3,2,0.6,60.00%
always,5,2,3,0.4,40.00%
answer,5,3,2,0.6,60.00%
come,5,0,5,0.0,0.00%
english,5,1,4,0.2,20.00%
favourite,5,3,2,0.6,60.00%
good,5,3,2,0.6,60.00%
had,5,1,4,0.2,20.00%
happy,5,4,1,0.8,80.00%
home,5,2,3,0.4,40.00%
look,5,2,3,0.4,40.00%
myself,5,3,2,0.6,60.00%
name,5,1,4,0.2,20.00%
number,5,1,4,0.2,20.00%
shoes,5,0,5,0.0,0.00%
should,5,0,5,0.0,0.00%
speaks,5,0,5,0.0,0.00%
today,5,0,5,0.0,0.00%
wait,5,0,5,0.0,0.00%
want,5,1,4,0.2,20.00%
anyone,4,1,3,0.25,25.00%
bed,4,4,0,1.0,100.00%
bus,4,0,4,0.0,0.00%
buy,4,2,2,0.5,50.00%
could,4,0,4,0.0,0.00%
elder,4,1,3,0.25,25.00%
ever,4,1,3,0.25,25.00%
everyone,4,0,4,0.0,0.00%
father,4,4,0,1.0,100.00%
forgive,4,0,4,0.0,0.00%
gift,4,2,2,0.5,50.00%
leave,4,2,2,0.5,50.00%
likes,4,1,3,0.25,25.00%
live,4,2,2,0.5,50.00%
married,4,0,4,0.0,0.00%
minutes,4,0,4,0.0,0.00%
mr,4,0,4,0.0,0.00%
must,4,0,4,0.0,0.00%
over,4,2,2,0.5,50.00%
put,4,0,4,0.0,0.00%
ready,4,0,4,0.0,0.00%
right,4,2,2,0.5,50.00%
snow,4,2,2,0.5,50.00%
student,4,0,4,0.0,0.00%
telephone,4,2,2,0.5,50.00%
them,4,2,2,0.5,50.00%
tomorrow,4,0,4,0.0,0.00%
traffic,4,1,3,0.25,25.00%
train,4,0,4,0.0,0.00%
two,4,2,2,0.5,50.00%
used,4,0,4,0.0,0.00%
wrong,4,2,2,0.5,50.00%
about,3,0,3,0.0,0.00%
afraid,3,0,3,0.0,0.00%
allow,3,0,3,0.0,0.00%
any,3,1,2,0.3333333333333333,33.33%
anybody,3,1,2,0.3333333333333333,33.33%
anymore,3,1,2,0.3333333333333333,33.33%
arrived,3,1,2,0.3333333333333333,33.33%
as,3,2,1,0.6666666666666666,66.67%
bad,3,1,2,0.3333333333333333,33.33%
been,3,1,2,0.3333333333333333,33.33%
best,3,0,3,0.0,0.00%
boy,3,0,3,0.0,0.00%
brother,3,3,0,1.0,100.00%
capital,3,1,2,0.3333333333333333,33.33%
change,3,1,2,0.3333333333333333,33.33%
china,3,0,3,0.0,0.00%
city,3,0,3,0.0,0.00%
clear,3,2,1,0.6666666666666666,66.67%
clever,3,2,1,0.6666666666666666,66.67%
color,3,1,2,0.3333333333333333,33.33%
colour,3,2,1,0.6666666666666666,66.67%
cut,3,1,2,0.3333333333333333,33.33%
dark,3,1,2,0.3333333333333333,33.33%
door,3,0,3,0.0,0.00%
dress,3,0,3,0.0,0.00%
eight,3,2,1,0.6666666666666666,66.67%
everything,3,1,2,0.3333333333333333,33.33%
fault,3,2,1,0.6666666666666666,66.67%
five,3,0,3,0.0,0.00%
green,3,0,3,0.0,0.00%
guitar,3,0,3,0.0,0.00%
happen,3,2,1,0.6666666666666666,66.67%
healed,3,1,2,0.3333333333333333,33.33%
hope,3,1,2,0.3333333333333333,33.33%
japan,3,1,2,0.3333333333333333,33.33%
kicked,3,0,3,0.0,0.00%
kill,3,1,2,0.3333333333333333,33.33%
known,3,1,2,0.3333333333333333,33.33%
languages,3,0,3,0.0,0.00%
learning,3,0,3,0.0,0.00%
left,3,1,2,0.3333333333333333,33.33%
little,3,0,3,0.0,0.00%
lot,3,0,3,0.0,0.00%
made,3,1,2,0.3333333333333333,33.33%
make,3,0,3,0.0,0.00%
many,3,0,3,0.0,0.00%
much,3,0,3,0.0,0.00%
nothing,3,1,2,0.3333333333333333,33.33%
or,3,2,1,0.6666666666666666,66.67%
our,3,1,2,0.3333333333333333,33.33%
outside,3,1,2,0.3333333333333333,33.33%
pass,3,0,3,0.0,0.00%
person,3,2,1,0.6666666666666666,66.67%
problem,3,1,2,0.3333333333333333,33.33%
rain,3,2,1,0.6666666666666666,66.67%
received,3,0,3,0.0,0.00%
said,3,0,3,0.0,0.00%
sitting,3,0,3,0.0,0.00%
soft,3,1,2,0.3333333333333333,33.33%
some,3,1,2,0.3333333333333333,33.33%
somebody,3,0,3,0.0,0.00%
soon,3,1,2,0.3333333333333333,33.33%
spring,3,1,2,0.3333333333333333,33.33%
start,3,1,2,0.3333333333333333,33.33%
still,3,0,3,0.0,0.00%
swim,3,1,2,0.3333333333333333,33.33%
take,3,0,3,0.0,0.00%
takes,3,0,3,0.0,0.00%
talk,3,1,2,0.3333333333333333,33.33%
ten,3,0,3,0.0,0.00%
these,3,1,2,0.3333333333333333,33.33%
things,3,1,2,0.3333333333333333,33.33%
thirty,3,0,3,0.0,0.00%
true,3,1,2,0.3333333333333333,33.33%
trust,3,0,3,0.0,0.00%
ukraine,3,0,3,0.0,0.00%
wake,3,0,3,0.0,0.00%
winter,3,0,3,0.0,0.00%
without,3,1,2,0.3333333333333333,33.33%
work,3,0,3,0.0,0.00%
wound,3,0,3,0.0,0.00%
years,3,0,3,0.0,0.00%
yours,3,2,1,0.6666666666666666,66.67%
abroad,2,2,0,1.0,100.00%
accept,2,0,2,0.0,0.00%
accepted,2,0,2,0.0,0.00%
accustomed,2,0,2,0.0,0.00%
age,2,1,1,0.5,50.00%
ago,2,0,2,0.0,0.00%
air,2,0,2,0.0,0.00%
almost,2,2,0,1.0,100.00%
already,2,0,2,0.0,0.00%
america,2,2,0,1.0,100.00%
ask,2,0,2,0.0,0.00%
ate,2,0,2,0.0,0.00%
aunt,2,0,2,0.0,0.00%
away,2,0,2,0.0,0.00%
battle,2,0,2,0.0,0.00%
become,2,0,2,0.0,0.00%
borrow,2,2,0,1.0,100.00%
broken,2,0,2,0.0,0.00%
buildings,2,1,1,0.5,50.00%
but,2,2,0,1.0,100.00%
call,2,0,2,0.0,0.00%
cat,2,0,2,0.0,0.00%
chair,2,0,2,0.0,0.00%
cleverer,2,0,2,0.0,0.00%
considered,2,1,1,0.5,50.00%
cook,2,2,0,1.0,100.00%
country,2,0,2,0.0,0.00%
crime,2,0,2,0.0,0.00%
dad,2,2,0,1.0,100.00%
dead,2,2,0,1.0,100.00%
difficult,2,0,2,0.0,0.00%
disappointing,2,0,2,0.0,0.00%
dumped,2,0,2,0.0,0.00%
eat,2,0,2,0.0,0.00%
eats,2,1,1,0.5,50.00%
edged,2,1,1,0.5,50.00%
eggs,2,0,2,0.0,0.00%
everybody,2,0,2,0.0,0.00%
example,2,0,2,0.0,0.00%
false,2,0,2,0.0,0.00%
fear,2,0,2,0.0,0.00%
film,2,1,1,0.5,50.00%
fire,2,1,1,0.5,50.00%
floor,2,0,2,0.0,0.00%
fly,2,0,2,0.0,0.00%
follow,2,0,2,0.0,0.00%
fond,2,0,2,0.0,0.00%
found,2,0,2,0.0,0.00%
four,2,0,2,0.0,0.00%
france,2,1,1,0.5,50.00%
fridge,2,0,2,0.0,0.00%
friend,2,1,1,0.5,50.00%
funny,2,2,0,1.0,100.00%
game,2,0,2,0.0,0.00%
gone,2,0,2,0.0,0.00%
gonna,2,0,2,0.0,0.00%
greek,2,0,2,0.0,0.00%
grew,2,0,2,0.0,0.00%
ground,2,0,2,0.0,0.00%
haircut,2,0,2,0.0,0.00%
half,2,0,2,0.0,0.00%
happiness,2,2,0,1.0,100.00%
hardly,2,0,2,0.0,0.00%
harvard,2,0,2,0.0,0.00%
hat,2,2,0,1.0,100.00%
hate,2,0,2,0.0,0.00%
having,2,0,2,0.0,0.00%
heat,2,0,2,0.0,0.00%
hello,2,0,2,0.0,0.00%
high,2,0,2,0.0,0.00%
history,2,2,0,1.0,100.00%
house,2,0,2,0.0,0.00%
if,2,0,2,0.0,0.00%
important,2,1,1,0.5,50.00%
incorrect,2,1,1,0.5,50.00%
into,2,0,2,0.0,0.00%
invitations,2,0,2,0.0,0.00%
japanese,2,1,1,0.5,50.00%
job,2,0,2,0.0,0.00%
just,2,0,2,0.0,0.00%
keep,2,0,2,0.0,0.00%
kemena,2,1,1,0.5,50.00%
key,2,1,1,0.5,50.00%
keys,2,0,2,0.0,0.00%
kyiv,2,1,1,0.5,50.00%
late,2,2,0,1.0,100.00%
leaped,2,0,2,0.0,0.00%
long,2,1,1,0.5,50.00%
lose,2,1,1,0.5,50.00%
mailed,2,0,2,0.0,0.00%
makes,2,0,2,0.0,0.00%
meals,2,0,2,0.0,0.00%
meat,2,1,1,0.5,50.00%
meet,2,0,2,0.0,0.00%
men,2,1,1,0.5,50.00%
mistakes,2,0,2,0.0,0.00%
mother,2,0,2,0.0,0.00%
movie,2,2,0,1.0,100.00%
muscles,2,0,2,0.0,0.00%
music,2,0,2,0.0,0.00%
myth,2,1,1,0.5,50.00%
new,2,0,2,0.0,0.00%
okay,2,1,1,0.5,50.00%
old,2,1,1,0.5,50.00%
once,2,1,1,0.5,50.00%
own,2,2,0,1.0,100.00%
paper,2,0,2,0.0,0.00%
passport,2,1,1,0.5,50.00%
pay,2,1,1,0.5,50.00%
people,2,1,1,0.5,50.00%
photomontage,2,2,0,1.0,100.00%
play,2,0,2,0.0,0.00%
poet,2,2,0,1.0,100.00%
positive,2,1,1,0.5,50.00%
possibly,2,0,2,0.0,0.00%
probably,2,0,2,0.0,0.00%
punished,2,0,2,0.0,0.00%
ran,2,0,2,0.0,0.00%
reads,2,0,2,0.0,0.00%
red,2,2,0,1.0,100.00%
reviews,2,0,2,0.0,0.00%
rich,2,2,0,1.0,100.00%
rules,2,2,0,1.0,100.00%
russian,2,1,1,0.5,50.00%
sand,2,0,2,0.0,0.00%
season,2,2,0,1.0,100.00%
shall,2,0,2,0.0,0.00%
shaving,2,0,2,0.0,0.00%
short,2,0,2,0.0,0.00%
shower,2,1,1,0.5,50.00%
sisters,2,0,2,0.0,0.00%
sleep,2,1,1,0.5,50.00%
smarter,2,0,2,0.0,0.00%
so,2,1,1,0.5,50.00%
someone,2,0,2,0.0,0.00%
spouted,2,0,2,0.0,0.00%
started,2,0,2,0.0,0.00%
stomach,2,0,2,0.0,0.00%
storm,2,0,2,0.0,0.00%
study,2,0,2,0.0,0.00%
subject,2,2,0,1.0,100.00%
sugar,2,2,0,1.0,100.00%
swimming,2,1,1,0.5,50.00%
sword,2,2,0,1.0,100.00%
tall,2,0,2,0.0,0.00%
taxi,2,0,2,0.0,0.00%
teacher,2,2,0,1.0,100.00%
television,2,1,1,0.5,50.00%
tell,2,1,1,0.5,50.00%
toilet,2,1,1,0.5,50.00%
tokyo,2,0,2,0.0,0.00%
tongue,2,1,1,0.5,50.00%
tower,2,1,1,0.5,50.00%
town,2,0,2,0.0,0.00%
truth,2,1,1,0.5,50.00%
tune,2,2,0,1.0,100.00%
tv,2,2,0,1.0,100.00%
under,2,0,2,0.0,0.00%
upon,2,1,1,0.5,50.00%
use,2,0,2,0.0,0.00%
waiting,2,0,2,0.0,0.00%
watching,2,1,1,0.5,50.00%
wear,2,0,2,0.0,0.00%
welcome,2,0,2,0.0,0.00%
when,2,0,2,0.0,0.00%
whenever,2,0,2,0.0,0.00%
while,2,1,1,0.5,50.00%
who,2,0,2,0.0,0.00%
whom,2,0,2,0.0,0.00%
word,2,1,1,0.5,50.00%
world,2,0,2,0.0,0.00%
would,2,0,2,0.0,0.00%
year,2,0,2,0.0,0.00%
young,2,0,2,0.0,0.00%
yourself,2,0,2,0.0,0.00%
able,1,0,1,0.0,0.00%
above,1,1,0,1.0,100.00%
absolutely,1,1,0,1.0,100.00%
aches,1,0,1,0.0,0.00%
across,1,1,0,1.0,100.00%
acrostics,1,0,1,0.0,0.00%
act,1,0,1,0.0,0.00%
addicted,1,0,1,0.0,0.00%
adhered,1,0,1,0.0,0.00%
aerial,1,0,1,0.0,0.00%
again,1,1,0,1.0,100.00%
against,1,0,1,0.0,0.00%
agree,1,0,1,0.0,0.00%
agreed,1,0,1,0.0,0.00%
airplane,1,0,1,0.0,0.00%
album,1,0,1,0.0,0.00%
allergic,1,0,1,0.0,0.00%
alone,1,1,0,1.0,100.00%
amercian,1,1,0,1.0,100.00%
ancient,1,0,1,0.0,0.00%
anger,1,0,1,0.0,0.00%
angry,1,1,0,1.0,100.00%
animal,1,1,0,1.0,100.00%
another,1,0,1,0.0,0.00%
answers,1,0,1,0.0,0.00%
anywhere,1,1,0,1.0,100.00%
apologized,1,0,1,0.0,0.00%
apple,1,1,0,1.0,100.00%
approach,1,0,1,0.0,0.00%
arctic,1,0,1,0.0,0.00%
around,1,1,0,1.0,100.00%
artillery,1,0,1,0.0,0.00%
asleep,1,0,1,0.0,0.00%
assistance,1,1,0,1.0,100.00%
assumed,1,0,1,0.0,0.00%
atmosphere,1,1,0,1.0,100.00%
attends,1,0,1,0.0,0.00%
available,1,0,1,0.0,0.00%
awareness,1,0,1,0.0,0.00%
babbling,1,0,1,0.0,0.00%
balls,1,0,1,0.0,0.00%
becomes,1,0,1,0.0,0.00%
beer,1,0,1,0.0,0.00%
beers,1,0,1,0.0,0.00%
beggars,1,0,1,0.0,0.00%
being,1,1,0,1.0,100.00%
belong,1,0,1,0.0,0.00%
belongings,1,1,0,1.0,100.00%
belongs,1,0,1,0.0,0.00%
below,1,0,1,0.0,0.00%
beneath,1,0,1,0.0,0.00%
betray,1,0,1,0.0,0.00%
better,1,0,1,0.0,0.00%
bicycle,1,0,1,0.0,0.00%
big,1,0,1,0.0,0.00%
bigger,1,0,1,0.0,0.00%
bike,1,1,0,1.0,100.00%
bird,1,0,1,0.0,0.00%
birth,1,0,1,0.0,0.00%
bit,1,1,0,1.0,100.00%
black,1,1,0,1.0,100.00%
blame,1,1,0,1.0,100.00%
blank,1,0,1,0.0,0.00%
blanketed,1,0,1,0.0,0.00%
blind,1,0,1,0.0,0.00%
bloody,1,0,1,0.0,0.00%
blow,1,0,1,0.0,0.00%
boiled,1,0,1,0.0,0.00%
boiling,1,0,1,0.0,0.00%
bonnet,1,1,0,1.0,100.00%
bonus,1,0,1,0.0,0.00%
booth,1,1,0,1.0,100.00%
border,1,1,0,1.0,100.00%
bottle,1,0,1,0.0,0.00%
bought,1,0,1,0.0,0.00%
bound,1,1,0,1.0,100.00%
box,1,0,1,0.0,0.00%
branch,1,0,1,0.0,0.00%
braver,1,0,1,0.0,0.00%
breaks,1,0,1,0.0,0.00%
bridge,1,1,0,1.0,100.00%
brief,1,1,0,1.0,100.00%
broke,1,0,1,0.0,0.00%
brothers,1,1,0,1.0,100.00%
busy,1,0,1,0.0,0.00%
butter,1,1,0,1.0,100.00%
bypassed,1,0,1,0.0,0.00%
cab,1,0,1,0.0,0.00%
cakes,1,1,0,1.0,100.00%
came,1,0,1,0.0,0.00%
candle,1,0,1,0.0,0.00%
cannons,1,0,1,0.0,0.00%
car,1,0,1,0.0,0.00%
cards,1,0,1,0.0,0.00%
careful,1,1,0,1.0,100.00%
carved,1,0,1,0.0,0.00%
caught,1,1,0,1.0,100.00%
caving,1,1,0,1.0,100.00%
certainly,1,0,1,0.0,0.00%
chance,1,1,0,1.0,100.00%
cheaper,1,1,0,1.0,100.00%
chicken,1,0,1,0.0,0.00%
child,1,0,1,0.0,0.00%
choosers,1,0,1,0.0,0.00%
chopstick,1,0,1,0.0,0.00%
christmas,1,0,1,0.0,0.00%
cigars,1,0,1,0.0,0.00%
cinema,1,1,0,1.0,100.00%
citizen,1,0,1,0.0,0.00%
clinic,1,1,0,1.0,100.00%
close,1,1,0,1.0,100.00%
closest,1,0,1,0.0,0.00%
clouds,1,0,1,0.0,0.00%
clowns,1,1,0,1.0,100.00%
coffee,1,1,0,1.0,100.00%
cold,1,0,1,0.0,0.00%
college,1,0,1,0.0,0.00%
comes,1,0,1,0.0,0.00%
command,1,1,0,1.0,100.00%
commit,1,0,1,0.0,0.00%
committee,1,0,1,0.0,0.00%
condoms,1,0,1,0.0,0.00%
confirm,1,0,1,0.0,0.00%
confirmed,1,0,1,0.0,0.00%
contain,1,0,1,0.0,0.00%
contestant,1,0,1,0.0,0.00%
continued,1,0,1,0.0,0.00%
cookers,1,0,1,0.0,0.00%
cookie,1,0,1,0.0,0.00%
cops,1,0,1,0.0,0.00%
correct,1,1,0,1.0,100.00%
corresponds,1,0,1,0.0,0.00%
cost,1,0,1,0.0,0.00%
count,1,0,1,0.0,0.00%
counted,1,0,1,0.0,0.00%
counting,1,0,1,0.0,0.00%
cousin,1,1,0,1.0,100.00%
covered,1,0,1,0.0,0.00%
credit,1,0,1,0.0,0.00%
cretaceous,1,1,0,1.0,100.00%
cricket,1,0,1,0.0,0.00%
cried,1,0,1,0.0,0.00%
crosses,1,0,1,0.0,0.00%
cry,1,1,0,1.0,100.00%
cup,1,1,0,1.0,100.00%
day,1,1,0,1.0,100.00%
days,1,0,1,0.0,0.00%
deal,1,0,1,0.0,0.00%
death,1,1,0,1.0,100.00%
debt,1,1,0,1.0,100.00%
decided,1,0,1,0.0,0.00%
delay,1,1,0,1.0,100.00%
deliver,1,1,0,1.0,100.00%
descent,1,0,1,0.0,0.00%
developing,1,0,1,0.0,0.00%
diary,1,1,0,1.0,100.00%
died,1,0,1,0.0,0.00%
diesels,1,0,1,0.0,0.00%
discovered,1,1,0,1.0,100.00%
disgusted,1,0,1,0.0,0.00%
dispersed,1,0,1,0.0,0.00%
doers,1,0,1,0.0,0.00%
dogs,1,1,0,1.0,100.00%
doll,1,0,1,0.0,0.00%
double,1,0,1,0.0,0.00%
doubt,1,0,1,0.0,0.00%
down,1,1,0,1.0,100.00%
dozen,1,0,1,0.0,0.00%
dream,1,0,1,0.0,0.00%
dreamt,1,0,1,0.0,0.00%
driving,1,0,1,0.0,0.00%
dropped,1,0,1,0.0,0.00%
drove,1,0,1,0.0,0.00%
earth,1,0,1,0.0,0.00%
eaten,1,0,1,0.0,0.00%
education,1,0,1,0.0,0.00%
enemies,1,1,0,1.0,100.00%
enemy,1,1,0,1.0,100.00%
england,1,0,1,0.0,0.00%
englishman,1,0,1,0.0,0.00%
episode,1,0,1,0.0,0.00%
ereader,1,0,1,0.0,0.00%
essence,1,0,1,0.0,0.00%
established,1,0,1,0.0,0.00%
europe,1,1,0,1.0,100.00%
even,1,0,1,0.0,0.00%
examples,1,1,0,1.0,100.00%
exams,1,0,1,0.0,0.00%
excuse,1,0,1,0.0,0.00%
exist,1,0,1,0.0,0.00%
explain,1,0,1,0.0,0.00%
explanation,1,0,1,0.0,0.00%
extended,1,0,1,0.0,0.00%
extent,1,0,1,0.0,0.00%
eyes,1,0,1,0.0,0.00%
fantastic,1,0,1,0.0,0.00%
far,1,0,1,0.0,0.00%
fast,1,0,1,0.0,0.00%
faucet,1,0,1,0.0,0.00%
faults,1,1,0,1.0,100.00%
feel,1,0,1,0.0,0.00%
feeling,1,1,0,1.0,100.00%
few,1,1,0,1.0,100.00%
find,1,0,1,0.0,0.00%
fired,1,0,1,0.0,0.00%
fish,1,1,0,1.0,100.00%
fits,1,0,1,0.0,0.00%
fixed,1,1,0,1.0,100.00%
flying,1,1,0,1.0,100.00%
foggiest,1,0,1,0.0,0.00%
foldable,1,0,1,0.0,0.00%
food,1,1,0,1.0,100.00%
fool,1,0,1,0.0,0.00%
football,1,0,1,0.0,0.00%
forehead,1,0,1,0.0,0.00%
foreigner,1,1,0,1.0,100.00%
forest,1,1,0,1.0,100.00%
forever,1,1,0,1.0,100.00%
formed,1,1,0,1.0,100.00%
friendly,1,0,1,0.0,0.00%
frighten,1,0,1,0.0,0.00%
frown,1,0,1,0.0,0.00%
fruit,1,1,0,1.0,100.00%
full,1,1,0,1.0,100.00%
fun,1,0,1,0.0,0.00%
funeral,1,0,1,0.0,0.00%
furious,1,0,1,0.0,0.00%
further,1,0,1,0.0,0.00%
gas,1,0,1,0.0,0.00%
gauge,1,0,1,0.0,0.00%
general,1,0,1,0.0,0.00%
generally,1,0,1,0.0,0.00%
german,1,0,1,0.0,0.00%
germany,1,0,1,0.0,0.00%
ghost,1,0,1,0.0,0.00%
ghosts,1,0,1,0.0,0.00%
girl,1,0,1,0.0,0.00%
given,1,0,1,0.0,0.00%
giving,1,0,1,0.0,0.00%
glass,1,0,1,0.0,0.00%
glue,1,0,1,0.0,0.00%
god,1,0,1,0.0,0.00%
goes,1,0,1,0.0,0.00%
goodbye,1,0,1,0.0,0.00%
gotta,1,0,1,0.0,0.00%
gotten,1,0,1,0.0,0.00%
grandpa,1,0,1,0.0,0.00%
greatest,1,0,1,0.0,0.00%
groin,1,1,0,1.0,100.00%
group,1,1,0,1.0,100.00%
groupings,1,0,1,0.0,0.00%
grumpy,1,1,0,1.0,100.00%
guests,1,0,1,0.0,0.00%
guys,1,0,1,0.0,0.00%
habit,1,1,0,1.0,100.00%
hair,1,0,1,0.0,0.00%
hand,1,1,0,1.0,100.00%
handed,1,0,1,0.0,0.00%
hands,1,0,1,0.0,0.00%
happens,1,1,0,1.0,100.00%
hard,1,0,1,0.0,0.00%
harm,1,0,1,0.0,0.00%
heart,1,1,0,1.0,100.00%
heavy,1,1,0,1.0,100.00%
hell,1,0,1,0.0,0.00%
hen,1,1,0,1.0,100.00%
higher,1,1,0,1.0,100.00%
himself,1,0,1,0.0,0.00%
hinting,1,0,1,0.0,0.00%
holding,1,0,1,0.0,0.00%
hood,1,1,0,1.0,100.00%
hoover,1,1,0,1.0,100.00%
hospital,1,0,1,0.0,0.00%
host,1,1,0,1.0,100.00%
hosts,1,0,1,0.0,0.00%
hot,1,1,0,1.0,100.00%
housework,1,0,1,0.0,0.00%
however,1,0,1,0.0,0.00%
hurts,1,0,1,0.0,0.00%
idea,1,0,1,0.0,0.00%
ideas,1,1,0,1.0,100.00%
informed,1,1,0,1.0,100.00%
intentionally,1,0,1,0.0,0.00%
introduce,1,1,0,1.0,100.00%
invitation,1,1,0,1.0,100.00%
ireland,1,1,0,1.0,100.00%
iron,1,0,1,0.0,0.00%
island,1,1,0,1.0,100.00%
items,1,0,1,0.0,0.00%
itself,1,0,1,0.0,0.00%
jest,1,1,0,1.0,100.00%
join,1,0,1,0.0,0.00%
joke,1,1,0,1.0,100.00%
joy,1,0,1,0.0,0.00%
judge,1,1,0,1.0,100.00%
jumped,1,0,1,0.0,0.00%
jury,1,0,1,0.0,0.00%
keeping,1,0,1,0.0,0.00%
kids,1,1,0,1.0,100.00%
kiev,1,0,1,0.0,0.00%
kindness,1,1,0,1.0,100.00%
kiss,1,1,0,1.0,100.00%
korea,1,0,1,0.0,0.00%
land,1,0,1,0.0,0.00%
lands,1,0,1,0.0,0.00%
language,1,1,0,1.0,100.00%
larger,1,0,1,0.0,0.00%
later,1,1,0,1.0,100.00%
laughing,1,1,0,1.0,100.00%
leak,1,0,1,0.0,0.00%
leapt,1,0,1,0.0,0.00%
learn,1,0,1,0.0,0.00%
learnt,1,0,1,0.0,0.00%
least,1,0,1,0.0,0.00%
leather,1,1,0,1.0,100.00%
leaves,1,0,1,0.0,0.00%
leaving,1,0,1,0.0,0.00%
leg,1,1,0,1.0,100.00%
letter,1,0,1,0.0,0.00%
liberty,1,0,1,0.0,0.00%
lie,1,0,1,0.0,0.00%
lies,1,1,0,1.0,100.00%
life,1,0,1,0.0,0.00%
lift,1,0,1,0.0,0.00%
lights,1,0,1,0.0,0.00%
liked,1,0,1,0.0,0.00%
located,1,1,0,1.0,100.00%
longer,1,0,1,0.0,0.00%
looks,1,0,1,0.0,0.00%
lorry,1,0,1,0.0,0.00%
lots,1,0,1,0.0,0.00%
loud,1,0,1,0.0,0.00%
louder,1,0,1,0.0,0.00%
loved,1,0,1,0.0,0.00%
loves,1,0,1,0.0,0.00%
lower,1,0,1,0.0,0.00%
lunatics,1,0,1,0.0,0.00%
madrid,1,0,1,0.0,0.00%
making,1,1,0,1.0,100.00%
man,1,1,0,1.0,100.00%
map,1,0,1,0.0,0.00%
margarine,1,1,0,1.0,100.00%
math,1,1,0,1.0,100.00%
matter,1,0,1,0.0,0.00%
mean,1,1,0,1.0,100.00%
members,1,0,1,0.0,0.00%
mended,1,1,0,1.0,100.00%
methodical,1,0,1,0.0,0.00%
might,1,0,1,0.0,0.00%
milk,1,0,1,0.0,0.00%
mind,1,0,1,0.0,0.00%
minute,1,1,0,1.0,100.00%
mobile,1,0,1,0.0,0.00%
moist,1,0,1,0.0,0.00%
months,1,0,1,0.0,0.00%
mood,1,1,0,1.0,100.00%
moon,1,0,1,0.0,0.00%
more,1,1,0,1.0,100.00%
most,1,0,1,0.0,0.00%
mostly,1,0,1,0.0,0.00%
mouth,1,1,0,1.0,100.00%
movies,1,1,0,1.0,100.00%
mysteries,1,0,1,0.0,0.00%
native,1,0,1,0.0,0.00%
naughty,1,0,1,0.0,0.00%
nearest,1,0,1,0.0,0.00%
neighbours,1,0,1,0.0,0.00%
neither,1,0,1,0.0,0.00%
neronia,1,0,1,0.0,0.00%
netherlands,1,0,1,0.0,0.00%
news,1,0,1,0.0,0.00%
newspaper,1,0,1,0.0,0.00%
nice,1,0,1,0.0,0.00%
nobody,1,0,1,0.0,0.00%
none,1,0,1,0.0,0.00%
note,1,1,0,1.0,100.00%
nuts,1,0,1,0.0,0.00%
occasionally,1,0,1,0.0,0.00%
october,1,1,0,1.0,100.00%
off,1,0,1,0.0,0.00%
offer,1,0,1,0.0,0.00%
omelette,1,0,1,0.0,0.00%
omelettes,1,0,1,0.0,0.00%
oranges,1,0,1,0.0,0.00%
ordered,1,1,0,1.0,100.00%
original,1,0,1,0.0,0.00%
other,1,0,1,0.0,0.00%
ought,1,0,1,0.0,0.00%
owned,1,1,0,1.0,100.00%
owns,1,0,1,0.0,0.00%
page,1,0,1,0.0,0.00%
pale,1,0,1,0.0,0.00%
panicking,1,0,1,0.0,0.00%
parents,1,0,1,0.0,0.00%
parting,1,0,1,0.0,0.00%
passed,1,0,1,0.0,0.00%
past,1,1,0,1.0,100.00%
pencil,1,1,0,1.0,100.00%
penguins,1,0,1,0.0,0.00%
performed,1,0,1,0.0,0.00%
permit,1,0,1,0.0,0.00%
personally,1,1,0,1.0,100.00%
petrol,1,0,1,0.0,0.00%
piano,1,0,1,0.0,0.00%
piss,1,0,1,0.0,0.00%
pitch,1,0,1,0.0,0.00%
pitches,1,0,1,0.0,0.00%
place,1,1,0,1.0,100.00%
plain,1,1,0,1.0,100.00%
plan,1,0,1,0.0,0.00%
playbill,1,1,0,1.0,100.00%
player,1,0,1,0.0,0.00%
playing,1,0,1,0.0,0.00%
plays,1,0,1,0.0,0.00%
poetry,1,0,1,0.0,0.00%
pokemon,1,1,0,1.0,100.00%
polished,1,0,1,0.0,0.00%
political,1,0,1,0.0,0.00%
pollen,1,0,1,0.0,0.00%
popular,1,1,0,1.0,100.00%
position,1,0,1,0.0,0.00%
possessions,1,1,0,1.0,100.00%
possible,1,1,0,1.0,100.00%
posted,1,1,0,1.0,100.00%
potable,1,1,0,1.0,100.00%
potato,1,0,1,0.0,0.00%
potatoes,1,0,1,0.0,0.00%
potholing,1,1,0,1.0,100.00%
pours,1,0,1,0.0,0.00%
pregnant,1,0,1,0.0,0.00%
present,1,0,1,0.0,0.00%
princess,1,0,1,0.0,0.00%
promises,1,1,0,1.0,100.00%
pronounced,1,0,1,0.0,0.00%
protection,1,0,1,0.0,0.00%
pull,1,0,1,0.0,0.00%
pupil,1,0,1,0.0,0.00%
quarrel,1,0,1,0.0,0.00%
quinquennial,1,0,1,0.0,0.00%
rage,1,1,0,1.0,100.00%
rains,1,0,1,0.0,0.00%
rally,1,0,1,0.0,0.00%
realize,1,0,1,0.0,0.00%
really,1,0,1,0.0,0.00%
reap,1,0,1,0.0,0.00%
recognise,1,0,1,0.0,0.00%
recognize,1,1,0,1.0,100.00%
recovering,1,0,1,0.0,0.00%
refuelings,1,0,1,0.0,0.00%
regards,1,0,1,0.0,0.00%
relied,1,0,1,0.0,0.00%
religions,1,0,1,0.0,0.00%
rely,1,0,1,0.0,0.00%
remember,1,0,1,0.0,0.00%
repair,1,0,1,0.0,0.00%
report,1,0,1,0.0,0.00%
resist,1,1,0,1.0,100.00%
rice,1,0,1,0.0,0.00%
riddles,1,0,1,0.0,0.00%
rings,1,1,0,1.0,100.00%
rioting,1,0,1,0.0,0.00%
river,1,1,0,1.0,100.00%
robbery,1,0,1,0.0,0.00%
rocket,1,0,1,0.0,0.00%
room,1,0,1,0.0,0.00%
rough,1,0,1,0.0,0.00%
ruler,1,0,1,0.0,0.00%
russia,1,0,1,0.0,0.00%
sadly,1,0,1,0.0,0.00%
saint,1,1,0,1.0,100.00%
salt,1,1,0,1.0,100.00%
satisfactory,1,0,1,0.0,0.00%
saved,1,0,1,0.0,0.00%
says,1,0,1,0.0,0.00%
scare,1,0,1,0.0,0.00%
scene,1,0,1,0.0,0.00%
schools,1,0,1,0.0,0.00%
science,1,0,1,0.0,0.00%
score,1,0,1,0.0,0.00%
scrape,1,0,1,0.0,0.00%
sea,1,0,1,0.0,0.00%
seats,1,0,1,0.0,0.00%
second,1,0,1,0.0,0.00%
secondary,1,0,1,0.0,0.00%
seems,1,0,1,0.0,0.00%
send,1,0,1,0.0,0.00%
sent,1,0,1,0.0,0.00%
separates,1,0,1,0.0,0.00%
serious,1,1,0,1.0,100.00%
service,1,0,1,0.0,0.00%
seven,1,0,1,0.0,0.00%
seventeen,1,0,1,0.0,0.00%
shape,1,0,1,0.0,0.00%
shares,1,1,0,1.0,100.00%
shipbuilding,1,1,0,1.0,100.00%
shit,1,0,1,0.0,0.00%
shoot,1,1,0,1.0,100.00%
shopping,1,0,1,0.0,0.00%
sick,1,0,1,0.0,0.00%
singer,1,1,0,1.0,100.00%
sings,1,0,1,0.0,0.00%
skin,1,0,1,0.0,0.00%
sleeves,1,0,1,0.0,0.00%
smart,1,1,0,1.0,100.00%
smoke,1,0,1,0.0,0.00%
snowed,1,0,1,0.0,0.00%
soil,1,0,1,0.0,0.00%
solar,1,0,1,0.0,0.00%
sold,1,1,0,1.0,100.00%
solution,1,0,1,0.0,0.00%
solve,1,0,1,0.0,0.00%
son,1,1,0,1.0,100.00%
soul,1,0,1,0.0,0.00%
south,1,0,1,0.0,0.00%
sow,1,1,0,1.0,100.00%
speaking,1,0,1,0.0,0.00%
species,1,0,1,0.0,0.00%
spelunking,1,1,0,1.0,100.00%
spoiled,1,1,0,1.0,100.00%
spoke,1,0,1,0.0,0.00%
spread,1,0,1,0.0,0.00%
stand,1,0,1,0.0,0.00%
starts,1,0,1,0.0,0.00%
state,1,0,1,0.0,0.00%
station,1,1,0,1.0,100.00%
stay,1,0,1,0.0,0.00%
stds,1,0,1,0.0,0.00%
stick,1,0,1,0.0,0.00%
street,1,1,0,1.0,100.00%
strengths,1,0,1,0.0,0.00%
stuff,1,1,0,1.0,100.00%
subsequently,1,0,1,0.0,0.00%
substituted,1,0,1,0.0,0.00%
succeed,1,0,1,0.0,0.00%
success,1,0,1,0.0,0.00%
suddenly,1,0,1,0.0,0.00%
suggest,1,0,1,0.0,0.00%
suicide,1,0,1,0.0,0.00%
suits,1,0,1,0.0,0.00%
summer,1,0,1,0.0,0.00%
supermarket,1,1,0,1.0,100.00%
sure,1,1,0,1.0,100.00%
surname,1,0,1,0.0,0.00%
survived,1,0,1,0.0,0.00%
table,1,0,1,0.0,0.00%
talented,1,1,0,1.0,100.00%
talked,1,0,1,0.0,0.00%
talkers,1,0,1,0.0,0.00%
talking,1,0,1,0.0,0.00%
tap,1,0,1,0.0,0.00%
taste,1,0,1,0.0,0.00%
tattoo,1,1,0,1.0,100.00%
tatwine,1,0,1,0.0,0.00%
teach,1,1,0,1.0,100.00%
teaching,1,0,1,0.0,0.00%
tears,1,0,1,0.0,0.00%
telling,1,0,1,0.0,0.00%
temptation,1,1,0,1.0,100.00%
tequila,1,0,1,0.0,0.00%
terrible,1,0,1,0.0,0.00%
themselves,1,0,1,0.0,0.00%
then,1,1,0,1.0,100.00%
thief,1,0,1,0.0,0.00%
third,1,0,1,0.0,0.00%
those,1,0,1,0.0,0.00%
thought,1,0,1,0.0,0.00%
threw,1,0,1,0.0,0.00%
through,1,0,1,0.0,0.00%
tied,1,0,1,0.0,0.00%
times,1,0,1,0.0,0.00%
tired,1,1,0,1.0,100.00%
together,1,0,1,0.0,0.00%
tolerate,1,0,1,0.0,0.00%
tomatoes,1,0,1,0.0,0.00%
tonight,1,1,0,1.0,100.00%
took,1,0,1,0.0,0.00%
torch,1,0,1,0.0,0.00%
totally,1,0,1,0.0,0.00%
translate,1,0,1,0.0,0.00%
traveling,1,0,1,0.0,0.00%
trees,1,0,1,0.0,0.00%
trembling,1,0,1,0.0,0.00%
tried,1,0,1,0.0,0.00%
truck,1,0,1,0.0,0.00%
try,1,1,0,1.0,100.00%
turkey,1,1,0,1.0,100.00%
turned,1,0,1,0.0,0.00%
umbrella,1,1,0,1.0,100.00%
uncertain,1,0,1,0.0,0.00%
underestimate,1,0,1,0.0,0.00%
understand,1,0,1,0.0,0.00%
unfortunately,1,0,1,0.0,0.00%
unhappy,1,1,0,1.0,100.00%
unite,1,0,1,0.0,0.00%
universe,1,1,0,1.0,100.00%
using,1,0,1,0.0,0.00%
verdict,1,0,1,0.0,0.00%
violence,1,1,0,1.0,100.00%
visit,1,1,0,1.0,100.00%
voice,1,0,1,0.0,0.00%
wanted,1,0,1,0.0,0.00%
waterways,1,0,1,0.0,0.00%
waved,1,0,1,0.0,0.00%
way,1,1,0,1.0,100.00%
weak,1,0,1,0.0,0.00%
weaknesses,1,0,1,0.0,0.00%
wearing,1,0,1,0.0,0.00%
wears,1,1,0,1.0,100.00%
weather,1,1,0,1.0,100.00%
week,1,0,1,0.0,0.00%
weight,1,0,1,0.0,0.00%
which,1,0,1,0.0,0.00%
white,1,0,1,0.0,0.00%
wind,1,0,1,0.0,0.00%
within,1,0,1,0.0,0.00%
workers,1,0,1,0.0,0.00%
working,1,0,1,0.0,0.00%
worse,1,1,0,1.0,100.00%
wrinkled,1,1,0,1.0,100.00%
write,1,0,1,0.0,0.00%
wwii,1,0,1,0.0,0.00%
yes,1,0,1,0.0,0.00%
younger,1,1,0,1.0,100.00%
